Pharmacy Name,Address,City,Post Code,State,Phone,Home Delivery Service Available,Add my pharmacy to the Pharmacy Finder,Aranesp Pharmacy Contact,Aranesp Form Submission Date
Guildford Road Pharmacy,268 Guildford Road,Guildford,2161,NSW,02 9632 6571,No,Yes,Clair Hanna,23/6/20 14:18
Priceline Pharmacy Mittagong Market Place,"Shop T4 Highlands Market Place, Old Hume Highway",Mittagong,2575,NSW,02 4872 3455,Yes,Yes,Eugene Bae,23/6/20 13:53
Lorne Street Pharmacist Advice,24 Lorne Street,Lalor,3075,VIC,03 9465 8888,Yes,Yes,Anthony Klinkatsis,23/6/20 13:44
Sonic Pharmacy Rockingham,24 Pedlar Circuit,Rockingham,6168,WA,08 9528 6610,Yes,Yes,SONIC ROCKINGHAM PHARMACY,23/6/20 13:44
TerryWhite Chemmart Mt Barker Village,"Shop 1, Mt Barker Village Shopping Centre",Mount Barker,5251,SA,08 8391 4963,Yes,Yes,Jonathon Andrews,23/6/20 13:25
Direct Chemist Outlet Bittern,"Shop 10/11 Bitternfield Shopping Centre, 2432 Frankston Flinders Road",Bittern,3918,VIC,03 5983 9749,No,Yes,Kiro Tawadros,23/6/20 13:21
TerryWhite Chemmart Mildura - Deakin Ave,204 Deakin Avenue,Mildura,3500,VIC,03 5021 2161,Yes,Yes,SELWYN PATTERSON,23/6/20 13:15
Cobden Pharmacy,43 Curdie Street,Cobden,3266,VIC,03 5595 1057,Yes,Yes,Cobden Pharmacy,23/6/20 13:11
Cammeray Pharmacy,"Shop 9, 476 Miller Street",Cammeray,2062,NSW,02 9955 3761,Yes,Yes,Betty Nguyen,23/6/20 12:52
Augusta Pharmacy,87-89 Blackwood Avenue,Augusta,6290,WA,08 9758 1516,Yes,Yes,Beth Hastie,23/6/20 12:42
Priceline Pharmacy Yamanto,512-514 Warwick Road,Yamanto,4305,QLD,07 3288 8566,Yes,Yes,Milan Tappoo,23/6/20 12:42
Balingup Pharmacy,"Shops 3-7 The Packing Shed, 32 Bridgetown Road",Balingup,6253,WA,08 9799 0346,Yes,Yes,Kate Wooldridge,23/6/20 12:42
Priceline Pharmacy Surfers Paradise,26 Cavill Avenue,Surfers Paradise,4217,QLD,07 5570 2329,Yes,Yes,Milan Tappoo,23/6/20 12:41
Priceline Pharmacy Underwood,Shop 18/3215 Logan Road,Underwood,4119,QLD,07 3423 3600,Yes,Yes,Milan Tappoo,23/6/20 12:41
Priceline Pharmacy Urangan,"Shop 3, Urangan Central Shopping Centre",Urangan,4655,QLD,07 4128 9608,Yes,Yes,Milan Tappoo,23/6/20 12:41
Priceline Pharmacy Stocklands Hervey Bay,"Shop T057, Stocklands Shopping Centre, 6 Central Avenue",Hervey Bay,4655,QLD,07 4184 2033,Yes,Yes,Milan Tappoo,23/6/20 12:40
Priceline Pharmacy Sunnybank Hills,"Shop 4, Sunnybank Hills Shoppingtown, Cnr Calam & Compton Roads",Sunnybank,4109,QLD,07 3273 5033,Yes,Yes,Milan Tappoo,23/6/20 12:40
Priceline Pharmacy Robina Lower,"Shop 2016 - 2017 Robina Town Centre, Robina Town Centre Drive",Robina,4226,QLD,07 5562 2233,Yes,Yes,Milan Tappoo,23/6/20 12:39
Priceline Pharmacy Rochedale,"Shop 10, 549 Underwood Road",Rochedale,4123,QLD,07 3341 5427,Yes,Yes,Milan Tappoo,23/6/20 12:39
Priceline Pharmacy Spring Hill,"Shop 4, 365 Turbot Street",Spring Hill,4000,QLD,07 3831 3331,Yes,Yes,Milan Tappoo,23/6/20 12:39
Priceline Pharmacy Oxley,9/133 Oxley Station Road,Oxley,4075,QLD,07 3379 1312,Yes,Yes,Milan Tappoo,23/6/20 12:38
Priceline Pharmacy Park Ridge,Shop 4/3732 Mount Lindesay Highway,Park Ridge,4125,QLD,07 3297 0039,Yes,Yes,Milan Tappoo,23/6/20 12:38
Healthsave Pharmacy Kingsway,168 Wanneroo Road,Madeley,6065,WA,08 9409 8838,Yes,Yes,Jeremy McLernon,23/6/20 12:38
Priceline Pharmacy Nambour,"Shop 6A, Nambour Mill Village, 9 Mill Street",Nambour,4560,QLD,07 5313 7806,Yes,Yes,Milan Tappoo,23/6/20 12:35
Priceline Pharmacy Dee Why,"Shop 5-6 Dee Why Grand Shopping Centre, 834 Pittwater Road",Dee Why,2099,NSW,02 9981 3555,No,Yes,John Obaid,23/6/20 12:35
Priceline Pharmacy Oasis,"Shop G36 The Oasis Shopping Centre, 26 Victoria Avenue",Broadbeach,4218,QLD,07 5592 3767,Yes,Yes,Milan Tappoo,23/6/20 12:35
Cincotta Discount Chemist Raymond Terrace,"Shop 11-13, 80 Benjamin Lee Drv",Raymond Terrace,2324,NSW,02 4987 5005,Yes,Yes,Parminder,23/6/20 12:34
Priceline Pharmacy Morayfield,"Shop 2, 80 Michael Avenue",Morayfield,4506,QLD,07 5432 4111,Yes,Yes,Milan Tappoo,23/6/20 12:33
Priceline Pharmacy Logan Hyperdome,"Shop 1-2 Logan Hyperdome, Cnr Pacific Highway and Bryants Road",Loganholme,4129,QLD,07 3801 1729,Yes,Yes,Milan Tappoo,23/6/20 12:32
Priceline Pharmacy Loganholme,Shop 206 Hyperdome Shopping Centre,Loganholme,4129,QLD,07 3801 1466,Yes,Yes,Milan Tappoo,23/6/20 12:32
Priceline Pharmacy Macarthur Central,"MacArthur Central Shopping Centre Lg Floor, 255 Queen Street",Brisbane,4000,QLD,07 3221 2333,Yes,Yes,Milan Tappoo,23/6/20 12:32
Priceline Pharmacy James Street,"Shop 2, 6-8 James Street",Fortitude Valley,4006,QLD,07 3252 5297,Yes,Yes,Milan Tappoo,23/6/20 12:31
Priceline Pharmacy Bray Park,"Shop 12 & 16C Kensington Village, 26 Kensington Way",Bray Park,4500,QLD,07 3205 1795,Yes,Yes,Milan Tappoo,23/6/20 12:31
Priceline Pharmacy Gympie,"Shop 35, Gympie Central, Excelsior Road",Gympie,4570,QLD,07 5482 4533,Yes,Yes,Milan Tappoo,23/6/20 12:30
Priceline Pharmacy Hervey Bay,81-91 Boat Harbour Drive,Hervey Bay,4655,QLD,07 4124 3144,Yes,Yes,Milan Tappoo,23/6/20 12:30
Priceline Pharmacy Forest Lake,7 High Street,Forestlake,4078,QLD,07 3279 8999,Yes,Yes,Milan Tappoo,23/6/20 12:29
Priceline Pharmacy Chancellor Park,"Shop 4 Woolworths Market Place, 18 University Way",Sippy Downs,4556,QLD,07 5445 1922,Yes,Yes,Milan Tappoo,23/6/20 12:28
Priceline Pharmacy Burpengary (B2),"Shop 4, 7-9 Burpengary Road",Burpengary,4505,QLD,07 3888 4033,Yes,Yes,Milan Tappoo,23/6/20 12:27
Priceline Pharmacy Calamvale,"Shop 1, 662 Compton Road",Calamvale,4116,QLD,07 3711 7454,Yes,Yes,Milan Tappoo,23/6/20 12:27
Priceline Pharmacy Beaudesert,"Shop 8, Beaudesert Fair Shopping Centre",Beaudesert,4285,QLD,07 5541 2672,Yes,Yes,Milan Tappoo,23/6/20 12:26
Priceline Pharmacy Anzac Square,"Anzac Square, 202 Adelaide Street",Brisbane,4000,QLD,07 3221 1541,Yes,Yes,Milan Tappoo,23/6/20 12:24
Priceline Pharmacy Ascot,188 Nudgee Road,Ascot,4007,QLD,07 3338 8555,Yes,Yes,Milan Tappoo,23/6/20 12:24
Warwick Friendly Society Health Centre Pharmacy,2/53 Wood Street,Warwick,4370,QLD,07 4667 0692,Yes,Yes,Fiona Breen,23/6/20 12:24
Infinity Pharmacy Mooloolaba,"Shop 1, 15 Venning Street",Mooloolaba,4557,QLD,07 5444 1833,Yes,Yes,Milan Tappoo,23/6/20 12:23
Infinity Pharmacy Warner,"Shop 1, 349-351 Samsonvale Road",Warner,4500,QLD,07 3882 5045,Yes,Yes,Milan Tappoo,23/6/20 12:23
Infinity Pharmacy Bli Bli,"Shop 7, River Markets Shopping Centre, 314-318 David Low Way",Bli Bli,4560,QLD,07 5448 5855,Yes,Yes,Milan Tappoo,23/6/20 12:22
Malouf Pharmacies Harbourside - Cleveland,"Stockland Shopping Centre Shop 84, 90 Middle Street",Cleveland,4163,QLD,07 3286 1144,Yes,Yes,Michael Inglis,23/6/20 12:22
Infinity Pharmacy Eli Waters,2 Ibis BLvd,Eli Waters,4655,QLD,07 4124 8824,Yes,Yes,Jigar Patel,23/6/20 12:22
Chemist Discount Centre Browns Plains,"Shop 4, 18 Commerce Drive",Browns Plains,4118,QLD,07 3800 4077,Yes,Yes,Milan Tappoo,23/6/20 12:21