Pharmacy Name,Address,City,Post Code,State,Phone,Home Delivery Service Available
Pharmacy 777 Butler,Shop 8 / 2 Captiva Approach,Butler,6036,WA,08 9562 1397,Yes
The Happy Pill Pharmacy,Unit A 29 Railway Tce,Wyalkatchem,6485,WA,08 9681 1547,No
Whalan Compounding Pharmacy,"Shop 2, 59 Bulolo Drive",Whalan,2770,NSW,02 9625 9091,Yes
Marayong Pharmacy,56 Railway Road,Marayong,2148,NSW,02 9622 1232,Yes
Middleton Compounding Pharmacy,9 Watts Road,Ryde,2112,NSW,02 9878 3030,Yes
Discount Drug Store Hawker,72 Hawker Place,Hawker,2614,ACT,02 6254 4421,Yes
Pharmacy 777 Maylands,"Shop 3 Maylands Park Shopping Centre, 238 Guildford Road",Maylands,6051,WA,08 9271 5659,Yes
Winthrop Pharmacy,Shop 19 Somerville Boulevard,Shop 19,6150,WA,08 9310 5466,Yes
Pharmacy 777 Dog Swamp,"Shop 4, Dog Swamp Shopping Centre, 6 Wanneroo Road",Tuart Hill,6060,WA,08 9444 6325,Yes
Calmans Pharmacy,127 Kennedy Street,Picnic Point,2213,NSW,02 9773 9464,Yes